<beans xmlns="http://www.springframework.org/schema/beans"
       xmlns:xsi="http://www.w3.org/2001/XMLSchema-instance"
       xmlns:context="http://www.springframework.org/schema/context"
       xsi:schemaLocation="http://www.springframework.org/schema/beans 
           http://www.springframework.org/schema/beans/spring-beans-3.0.xsd
           http://www.springframework.org/schema/context
           http://www.springframework.org/schema/context/spring-context-3.0.xsd">
           
 <bean id="smo" class="karthi.com.Object_Injection_Example.Student_Model_Object" name="smo">
 <property name="st1" ref="sm1"></property>
 <property name="st2" ref="sm2"></property>
 <property name="st3" ref="sm3"></property>
 </bean>
 
 <bean id="sm1" class="karthi.com.Object_Injection_Example.Student_Model">
 <property name="name" value="karthik"></property>
  <property name="marks" value="100"></property>
 </bean>
 
 <bean id="sm2" class="karthi.com.Object_Injection_Example.Student_Model">
 <property name="name" value="Sandeep"></property>
  <property name="marks" value="100"></property>
 </bean>

 <bean id="sm3" class="karthi.com.Object_Injection_Example.Student_Model">
 <property name="name" value="vinay"></property>
  <property name="marks" value="100"></property>
 </bean>
 
</beans>