<beans xmlns="http://www.springframework.org/schema/beans"
       xmlns:xsi="http://www.w3.org/2001/XMLSchema-instance"
       xmlns:context="http://www.springframework.org/schema/context"
       xsi:schemaLocation="http://www.springframework.org/schema/beans 
           http://www.springframework.org/schema/beans/spring-beans-3.0.xsd
           http://www.springframework.org/schema/context
           http://www.springframework.org/schema/context/spring-context-3.0.xsd">
           
 <bean id="st" class="karthi.com.AutoWrirting_Example.Student_Model_Object" autowire="byName"></bean>
 
 <bean id="s1" class="karthi.com.AutoWrirting_Example.Student_Model">
 <property name="name" value="karthik"></property>
 <property name="marks" value="100"></property>
 </bean>
 
 <bean id="s2" class="karthi.com.AutoWrirting_Example.Student_Model">
 <property name="name" value="sandeep"></property>
 <property name="marks" value="100"></property>
 </bean>
 
 <bean id="s3" class="karthi.com.AutoWrirting_Example.Student_Model">
 <property name="name" value="vinay"></property>
 <property name="marks" value="100"></property>
 </bean>
 
</beans>